,Titulos,Entradillas,Textos,Fechas,Noticiario,Categoria,rutas
0,"SALUD
El macrobrote de Málaga, una voz de alarma de lo que podría pasar tras las fiestas navideñas","Después de los más de 80 contagiados tras una cena navideña de sanitarios, los expertos apuestan por retomar algunas medidas del pasado, como los aforos, y apostar por el pasaporte Covid","Brote Los 68 profesionales infectados en el brote del hospital de Málaga
En directo Última hora del coronavirus
El brote de Málaga, con más de 80 positivos en Covid-19, supone una señal de alarma de cara a las reuniones familiares tan esperadas en las fiestas navideñas. Para los expertos, representa un claro aviso de lo que puede estar por llegar si no tomamos conciencia de que la normalidad aún no está entre nosotros y de que hay medidas que convendría retomar de nuevo en este punto de la pandemia, teniendo en cuenta la velocidad a la que crece el número de contagios por SARS-CoV-2 y la posibilidad de que ómicron pueda sorprendernos.
Lo que iba a ser una simple comida de Navidad de profesionales sanitarios que trabajan en la Unidad de Cuidados Intensivos (UCI) del Hospital Regional Universitario de Málaga acabó convirtiéndose en un inesperado foco de transmisión del coronavirus y también en el espejo en el que podríamos vernos reflejados en los próximos días. ""Es fácil que este tipo de situaciones se reproduzcan en otros sitios. Sólo con juntarse un grupo mínimo de personas en un interior, una de ellas puede ser asintomática y generar un brote epidémico"", argumenta Joan Caylá, miembro de la Sociedad Española de Epidemiología (SEE) y presidente de la Fundación de la Unidad de Investigación en Tuberculosis de Barcelona.
Por este motivo y dada la situación actual en la que las cifras de contagios son muy altas, ""convendría evitar este tipo de cenas y encuentros. Lo ideal es no llevarlas a término y en caso contrario, restringir al máximo el número de comensales, el mínimo posible, y haciendo el encuentro al aire libre o con la separación adecuada si se realiza en espacios interiores"".
Caylá no es el único experto que recuerda que estamos viviendo momentos complicados y que probablemente después del puente, ""empecemos a ver en los datos las consecuencias de los viajes de la gente y las imágenes de aglomeraciones"" haciendo compras o en las calles más transitadas de algunas ciudades como Madrid, o incluso ""manifestaciones de antivacunas sin mascarillas"". Estos días podrían marcar uno de los puntos de partida hacia cifras aún más disparatadas.
De no tomar conciencia, a este ritmo, ""claro que podemos seguir los pasos de otros países europeos"", asegura Manuel Franco, profesor de la Universidad de Alcalá y portavoz de la Sociedad Española de Salud Pública (Sespas). No estamos 'inmunizados' porque nuestra tasa de vacunación sea una de las más altas en Europa. ""La vacuna sólo es una parte. No es el todo de las herramientas que tenemos para el control de los contagios. Tenemos que recuperar las medidas que sabemos que funcionan"". Es decir, ""no nos va a quedar más remedio que controlar los aforos, la ventilación, los interiores..."".
No sólo sorprenden las aglomeraciones en la calle, ""resulta espeluznante que haya 4.000 personas en una discoteca, en sala de conciertos o cientos de personas en un comedor"", que es lo que ha ocurrido en Málaga, con el agravante de que los afectados son todos profesionales sanitarios y genera gran repercusión en sus puestos de trabajo en un momento en el que las manos en los hospitales son absolutamente necesarias e imprescindibles.
Si miramos más allá de España, en Francia, las discotecas se van a cerrar unas semanas y se van a limitar los festejos con el objetivo de superar las fiestas navideñas sin grandes lamentaciones.
A los expertos les preocupa la velocidad a la que están creciendo los contagios y la incidencia, les inquieta si realmente esto va a acabar disparando las cifras después de las navidades y hasta qué punto se va a traducir en hospitalizaciones y fallecimientos. Aparte, se presenta la 'amenaza' de la variante ómicron, de la que aún no se conoce demasiado y por lo tanto, no se puede predecir cómo afectará a la actual realidad. ""Debemos ser cautos, conscientes y respetuosos"", señala Caylá.
Franco apuesta por ""tomar las decisiones y medidas que ya conocemos [...] Es obvio que llevamos casi tres años y estamos cansados, pero si queremos recuperar la normalidad, tendrá que ser con las medidas necesarias para poder continuar"".
¿Qué habría que hacer? Lo primero es concienciarnos de la situación actual. ""Nos hemos querido creer la vuelta a la normalidad. Las empresas han vuelto a llamar a sus trabajadores, en la universidad tenemos a todo el mundo en modo presencial, en los colegios se siguen utilizando las mascarillas y la ventilación, pero ya no hay un ratio de 20 niños por clase ni profesores de ayuda"", expone el especialista en Salud Pública. ""El camino no sólo es más largo, sino más difícil y complejo de lo que queríamos pensar"".
En este punto, aparte de evitar las reuniones típicas de las fiestas navideñas que se aproximan, Caylá subraya el papel del pasaporte Covid. ""Desde que lo tienen en Francia, cantidad de personas no vacunadas se han vacunado y en Cataluña también. Esta medida anima a la gente a inmunizarse y ayuda a recordar que la pandemia continúa. Puede ser una medida útil"".
Cabe puntualizar que, según datos oficiales, en España, en el grupo de personas entre los 20 y los 35 años, hay alrededor de un 25% (en algunas comunidades autónomas, alcanza el 30%) no están protegidos con el inyectable anticovid. Esto significa, en palabras del epidemiólogo, que ""miles de personas no tienen ni la primera dosis y son susceptibles"" de contagiarse y transmitir.
TEST DE ANTÍGENOS, ¿FIABLE?
¿Hasta qué punto ayudarían los test de antígenos a la hora de reunirnos con amigos y familiares durante estas fiestas navideñas? A simple vista, podría ser la solución perfecta, la fórmula mágica para prevenir transmisión sin sacrificarnos de las celebraciones. Según Franco, ""estos test no son infalibles. Es una prueba rápida que sólo detecta entre quienes están teniendo síntomas en ese momento. Podría haber falsos negativos, personas asintomáticas que originen un brote como el de Málaga"". Evidentemente, esta prueba reduce las posibilidades, pero no a cero. ""Dejan rendijas por las que los positivos se pueden escapar y no es que nos encontremos en una situación en la que casi nadie tiene el virus, es que ahora, mucha gente lo tiene"".
Conforme a los criterios de
Saber más
Ciencia y Salud
Coronavirus
Covid 19
Variante Ómicron
Variante Delta
Enfermedades infecciosas
Enfermedades respiratorias
España
HBPR
Covid-19""No podemos confiar en que solo la vacunación y las infecciones naturales nos van a librar del virus""
Salud¿Te 'tumban' los resfriados que tus hijos pasan de forma leve? Te explicamos por qué
Covid-19Sin pauta completa y más jóvenes que antes: así son los ingresados de la sexta ola
Ver enlaces de interés
Ultimas noticias
Venezia - Juventus",2021-12-10 ,ElMundo,Salud,ElMundo/Salud/salud.2021-12-10.000.txt
1,"COVID-19 Seguimiento de la pandemia
La incidencia alcanza en España el riesgo alto con 305 casos por 100.000 habitantes",Sanidad también notifica 84 muertes y 26.412 contagios,"Directo Coronavirus hoy
EEUU La FDA da luz verde a la inmunización con anticuerpos previa a la exposición a Covid-19
Niños ¿Cómo han cambiado las vacunas el día a día en el cole?
Las comunidades autónomas han notificado este jueves al Ministerio de Sanidad 26.412 nuevos casos de Covid-19, 6.808 de ellos diagnosticados en las últimas 24 horas. La cifra total de contagios en España se eleva ya a 5.273.178 desde el inicio de la pandemia, según las estadísticas oficiales.
La incidencia acumulada en los últimos 14 días por 100.000 habitantes se sitúa en 305,57 frente a 290,1 del martes. En las pasadas dos semanas se ha registrado un total de 144.997 positivos.
En el informe de este viernes se han añadido 84 nuevos fallecimientos. Hasta 88.321 personas con prueba diagnóstica positiva han fallecido desde que el virus llegó a España, de acuerdo con los datos recogidos por el Ministerio.
La situación en los hospitales españoles empeora desde el martes. Actualmente, hay 5.479 pacientes ingresados por COVID-19 en toda España (5.067 el martes) y 1.041 en UCI (948 el martes).
En las últimas 24 horas, se han producido 624 ingresos (593 el martes) y 278 altas (246 el martes). La tasa de ocupación de camas ocupadas por coronavirus se sitúa en el 4,41% (4,07% el martes) y en las UCI en el 11,3% (10,29% el martes).
Según la ocupación global de las camas en los hospitales, al ser mayor de 2 y menor de 5, España sería un país en riesgo bajo. Sin embargo, si se observa la ocupación en UCI, al ser superior a 10, esto nos indicaría que España se encuentra en riesgo medio.
Las autonomías con las UCI más ocupadas por estos pacientes son La Rioja (20,75%), Cataluña (20,29%), Navarra (19,49%), y País Vasco (17,32%). Se mantienen más desahogadas Extremadura (3,63%), Andalucía (4,97%), Galicia (5,4%), Ceuta (5,88%) y Murcia (6,7%).
Estos datos contemplan únicamente los pacientes ingresados por coronavirus. Para calcular la ocupación real hay que sumar los que se encuentran allí por otras patologías y cirugías.
Mientras tanto, la tasa de positividad de las pruebas realizadas se sitúa en el 8,81%, frente al 8,42% del jueves. La Organización Mundial de la Salud (OMS) recomienda que este dato se encuentre por debajo del 5% para considerar como 'controlada' la propagación del virus. Además, según el semáforo por el que se regula el riesgo en España, al superar esta cifra el 7 se pasaría del riesgo bajo al riesgo medio.
La IA en los jóvenes ya se ha igualado prácticamente con otros grupos etarios. El de menos de 11 años, único sin vacunar, sigue destacando como el más afectado, con 533,3 casos por 100.000 habitantes.
Por su parte, el grupo de entre 20 y 29 años (248,81) ya ha sido superado por los mayores de 60 años y menores de 69 (323,23). A su vez, estos últimos se sitúan cerca de los de entre 30 y 39 (325,63), y de los de entre 40 y 49 (380,85).
Por autonomías, Navarra es líder en incidencia (956,3), seguida de País Vasco (757,94), Aragón (591,47) y Asturias (405,88); mientras que Andalucía (133,63), Castilla La Mancha (141,75), y Extremadura (158,55) son las que registran los mejores datos. De esta manera, Navarra pasaría a estar ya, según su incidencia acumulada, en un riesgo muy alto por Covid-19, pero Extremadura, Castilla La Mancha y Andalucía pasarían a encontrarse en riesgo medio.
En Europa, los peores datos los mantienen Chequia (2.260,8), Bélgica (2.130,9), Países Bajos (1.750,9) y Austria (1.427,7). Los países con mejores datos son Rumanía (99,7), Suecia (263,9) y España.
AVANCE DE LA VACUNACIÓN
Continúa el lento goteo de la vacunación una vez alcanzado el 89,5% de la población diana con pauta completa, lo que representa el 79,4% de la población total. 37.684.831 personas han recibido ya la pauta completa.
Por edades, el grupo de más de 80 años es el único que alcanza el 100%, mientras que el de entre 30 y 39 años se queda en el 77,7%, constituyéndose así como la franja de edad con menor porcentaje de vacunados.
Según los datos del Ministerio de Sanidad, ya se han administrado 5.898.138 terceras dosis, 4.592.648 de Pfizer y 1305.490. de Moderna. Por el momento, los datos solo recogen las dosis adicionales en personas de edad superior a 70 años o que hubiesen recibido Janssen, aunque ya se ha comenzado también a inocular la dosis de refuerzo para los mayores de 60 años y los sanitarios.
Conforme a los criterios de
Saber más
Ciencia y Salud
Vacunas
Covid 19
Coronavirus
CoronavirusModerna desarrollará un refuerzo específico de la vacuna contra la nueva variante Ómicron
Covid-19Sin pauta completa y más jóvenes que antes: así son los ingresados de la sexta ola
Covid-19Reino Unido anuncia nueve casos de ómicron y anticipa ""decenas más""
Ver enlaces de interés
Ultimas noticias
Venezia - Juventus",2021-12-09 ,ElMundo,Salud,ElMundo/Salud/salud.2021-12-09.000.txt
2,"COVID
¿Cómo han cambiado las vacunas el día a día en el cole?
Es el tercer curso con el Covid como compañero de pupitre pero el escenario es más favorable que nunca gracias a las vacunas. ¿Qué sucede ahora si se detecta un posible caso en el colegio?",Es el tercer curso con el Covid como compañero de pupitre pero el escenario es más favorable que nunca gracias a las vacunas. ¿Qué sucede ahora si se detecta un posible caso en el colegio?,"PREMIUM
GRACIA PABLOS
Actualizado Jueves, 9 diciembre 2021 - 05:47
Compartir en Facebook
Compartir en Twitter
Enviar por email
En vivo Coronavirus, España, hoy
Administración Así será la vacunación en niños de entre 5 y 11 años
Una de las razones que ha motivado la decisión de vacunar a los niños de entre 5 y 11 años en España es la alta incidencia de contagios en este grupo de edad. Ahora mismo, los niños lideran el ranking de nuevos casos, con 498,18 infecciones por 100.0
Hazte Premium desde 1€ el primer mes
Aprovecha esta oferta por tiempo limitado y accede a todo el contenido web
Lo quiero
Si lo prefieres
¿Ya eres Premium? Iniciar sesión
Cancela cuando quieras",2021-12-09 ,ElMundo,Salud,ElMundo/Salud/salud.2021-12-09.001.txt
3,"CIENCIA Erupción en Cumbre Vieja
¿Sin volcán en 2022? ""Todos los indicios señalan que se termina""","Los datos sugieren que podría parar en las próximas semanas, aunque los expertos aclaran que aún no hay certeza y que la emergencia durará meses, hasta que las coladas se enfríen","Ciencia 80 días a ciegas frente al volcán: ""Lo mismo se para hoy... que sigue cinco meses""
Erupción en La Palma ¿Un volcán hasta Navidad? Los expertos temen que la erupción supere el récord de duración en Canarias
El volcán de Cumbre Vieja será pronto el más largo del que haya registros en La Palma, después de que hoy supere al de Tigalate, que duró 82 días en el año 1646, y el domingo alcance el récord del Tehuya, que estuvo 84 días activo en 1585. La buena noticia, si se confirma, es que ya no es sólo la historia la que nos sugiere que la actual emergencia no debería prolongarse mucho más, sino que también los datos científicos acompañan. De mantenerse la tendencia, podríamos encontrarnos a pocas semanas del fin de la erupción, aunque aún es pronto para poder asegurarlo con certeza.
El presidente del Gobierno de Canarias, Ángel Víctor Torres, lo adelantó el miércoles tras hablar con los técnicos: «Nos dicen que puede haber indicios científicos de que acabe en este año; quedan tres semanas. Ojalá que sea mañana cuando acabe, mejor que pasado», confió. El fin no será tan repentino, por desgracia, pero las mediciones de las últimas jornadas sí serían compatibles con que la erupción se detuviera durante el mes en curso.
En todo caso, aún harían falta unas semanas más para confirmar que los datos vuelven a sus parámetros normales y el volcán no rebrota. Además, la isla seguiría bajo emergencia, porque las coladas de lava, aún hoy activas, tardarán meses en enfriarse y convertirse en un nuevo paisaje al que pueda volver la vida.
«La actividad es baja y parece que el volcán podría estar iniciando la fase final, pero siempre queda ahí un poso de duda sobre lo que pueda hacer o no pueda hacer», valora David Calvo, portavoz del Instituto Volcanológico de Canarias (Involcan). «Hay que tener tranquilidad y esperar a que estos datos se confirmen. Pero sí, la actividad es baja», confirma.
«Estamos todos a la espera. A ver si hay suerte y se acaba pronto», resume sobre el ambiente expectante entre los científicos que trabajan sobre el terreno. Advierte, sin embargo, que esta clase de procesos llevan su tiempo: «El descenso es muy paulatino, muy poco a poco; a corto plazo, que es lo que siempre manejamos, no parece que, con la tendencia actual, termine esta semana, ni muchísimo menos. El dióxido de azufre sigue siendo alto y, por lo tanto, el fin de la erupción no es inminente».
Entonces, ¿podría parar antes de Navidad o fin de año? «Bueno, yo creo que eso es más un anhelo que otra cosa. Entre que dejemos de ver evidencias en superficie y realmente la erupción termine, puede haber un desacople de bastantes semanas. Ahora mismo no estamos viendo gran actividad en el cono, pero hay coladas que siguen bastante activas», contrasta.
«Incluso, aunque no veamos salir lava y no veamos salir gas, hasta que todos los parámetros vuelvan a cero no podremos decir que la erupción ha terminado», aclara Calvo, y recuerda que, una vez que la erupción termine, todavía «va a pasar mucho tiempo hasta que la gente pueda volver a tener una vida normal». Las coladas dejarán de avanzar cuando se detenga el aporte de magma, pero se mantendrán a cientos de grados de temperatura durante semanas o meses, por lo que las zonas afectadas seguirán bajo la emergencia.
Un buen indicio, en estos momentos, es que «la sismicidad profunda prácticamente ha desaparecido, y eso indica que el volcán tiene dificultades para encontrar magma que llevar a la superficie», explica Calvo.
«Hay gente que está diciendo que es posible que termine antes de fin de año; evidentemente, imposible no es, porque está bajando todo», sopesa, por su parte, Manuel Regueiro, presidente del Colegio de Geólogos. «Es posible que sí, que esté a punto de terminar, como dicen, y a lo mejor no esté ni en Navidades. Pero todo son hipótesis», previene.
DIÓXIDO DE AZUFRE
Un dato importante para conocer la evolución del volcán es la cantidad diaria de dióxido de azufre en el penacho. La cifra exacta no se actualiza desde hace días, pero se sabe que aún supera las 1.000 toneladas, frente a las 100 toneladas diarias que apuntarían a un desenlace inmediato. Las demás mediciones, repasa Regueiro, acompañan la idea de que el final podría estar cerca. «El tremor está bajo, la elevación del terreno ha bajado, los terremotos en profundidad han bajado...», indica. «Es decir, todos los indicios nos señalan hacia que se termina».
Los terremotos, por ejemplo, han pasado de superar los 300 al día en algunas jornadas de noviembre a los 32 que se registraron ayer (correspondientes al miércoles). «Podemos tener la suerte de que se termine», avanza Regueiro, si bien recalca que aún es muy pronto: «Nos queda la duda...».
Conforme a los criterios de
Saber más
ciencia
Ciencia y Salud
Volcán La Palma
La Palma
HBPR
Ciencia80 días a ciegas frente al volcán: ""Lo mismo se para hoy... que sigue cinco meses""
CienciaUn segundo cono crece ""a gran velocidad"" en La Palma
Volcán La PalmaLa erupción en Cumbre Vieja llevaba cuatro años preparándose
Ver enlaces de interés
Ultimas noticias
Venezia - Juventus",2021-12-10 ,ElMundo,Salud,ElMundo/Salud/salud.2021-12-10.000.txt
4,"CERTIFICADO COVID En cada comunidad
Así se usa el pasaporte Covid en España
Cada vez más comunidades autónomas recurren al pasaporte Covid para frenar la expansión del coronavirus",Cada vez más comunidades autónomas recurren al pasaporte Covid para frenar la expansión del coronavirus,"PERE ÍÑIGO
Madrid
EL MUNDO GRÁFICOS
@elmundograficos
Actualizado Sábado, 11 diciembre 2021 - 12:15
Compartir en Facebook
Compartir en Twitter
Enviar por email
Ver 2 comentarios
En cada comunidad Cómo descargar el pasaporte Covid
Covid Síntomas de Ómicron: dolor muscular, fatiga y cefalea, pero sin pérdida del gusto ni el olfato
La sexta ola del coronavirus ha hecho que las comunidades autónomas 'echen mano' del pasaporte covid como medida de presión para incrementar las tasas de vacunación en España y controlar el acceso de los no vacunados a los lugares de ocio y sociales donde hay más riesgo de contagio.
¿QUÉ COMUNIDADES TIENEN AVAL JUDICIAL PARA USARLO?
Ya son once las comunidades que tienen el visto bueno de sus respectivos tribunales superiores de justicia: Galicia, Islas Baleares, Aragón, Navarra, País Vasco, Murcia, Comunidad Valenciana, Cataluña, Cantabria, Canarias y Andalucía.
¿CUÁLES NO CREEN NECESARIO ESTE PASAPORTE?
No lo veían necesario hasta ahora el pasaporte Covid Madrid, La Rioja, Extremadura y Castilla-La Mancha. A ellas se ha sumado este jueves Castilla y León, que ha decidido descartarlo al detectar ""serias controversias"" en el ámbito científico y político sobre su eficacia.
Por último, Asturias no lo ha solicitado pero tampoco lo descarta, aunque su presidente, Adrían Barbón, suele destacar que es más eficiente el alto nivel de la vacunación.
¿CUÁL ES LA POSTURA DEL MINISTERIO DE SANIDAD?
Carolina Darias, titular de Sanidad, mostró un rechazo en los meses de verano, cuando la quinta ola precisaba de medidas contundentes. Entonces, Darias argumentaba que ""los usos (del certificado) que están regulados son los que contempla la UE""; es decir, facilitar los viajes y la movilidad dentro de los estados miembros. Este ""es el amparo legal que tiene"", aseguró entonces, descartando así darle otro uso de manera generalizada.
Esta semana, dado que las medidas contra el virus son cambiantes según las necesidades epidemiológicas, Darias ha afirmado que las comunidades tienen un ""camino abierto"" para solicitar el certificado Covid para acceder a determinados espacios, basándose en una resolución judicial del Tribunal Supremo. La resolución exponía que este pasaporte de vacunación estaría justificado en determinados ámbitos territoriales concretos, en un espacio acotado, atendiendo a la situación epidemiológica.
¿QUÉ ACTIVIDADES SOCIALES LIMITA EL PASAPORTE COVID SEGÚN LA CCAA DONDE ESTÁ EN VIGOR?
Galicia limita desde hace días con el pasaporte Covid el acceso al ocio nocturno y también a la hostelería. También la entrada en los centros hospitalarios.
En Baleares, el pasaporte Covid se exige para entrar en restaurantes, en concreto a los que tienen un interior con aforo superior a 50 personas. No se pide, sin embargo, en bares ni cafeterías.
En Aragón, el pasaporte covid es obligatorio para los mayores de 12 años que quieran acceder a establecimientos de ocio nocturno, celebraciones en establecimientos de hostelería y restauración y eventos multitudinarios. El Tribunal Superior de Justicia ha avalado su validez hasta el 8 de enero. Sin embargo, ha rechazado por ahora su ampliación y deja en suspenso su aplicación en gimnasios, hospitales, residencias, restaurantes, cines y teatros. Ahora, el Ejecutivo autonómico y el Ministerio Fiscal tienen hasta la medianoche del 15 de diciembre para presentar sus alegaciones.
En Navarra también se exige para acceder a restaurantes de más de 60 comensales,establecimientos con licencia de discoteca o salas de fiesta, y eventos multitudinarios de carácter cultural en espacios interiores con consumición de comida o bebida de más de 1.000 personas.
El Gobierno Vasco exige desde el sábado 4 de diciembre el pasaporte covid en determinados establecimientos de ocio nocturno, así como en locales de baile y espectáculos y en los restaurantes con capacidad para más de 50 comensales. Pero además estudia si solicitar el aval judicial para pedirlo también en los eventos en espacios cerrados, los gimnasios y las visitas a hospitales y residencias.
En la Comunidad Valenciana se ha autorizado para acceder a establecimientos de hostelería, restauración y ocio con aforo superior a 50 personas, festivales de música y eventos y celebraciones con más de 500 asistentes, así como para visitar a pacientes e internos en hospitales y residencias, entre otras actividades.
En Murcia, aunque el Gobierno autonómico anunció el martes que iba a pedir permiso al TSJ para implantar el pasaporte Covid en toda la hostelería y el ocio nocturno, este jueves ha dicho que la obligatoriedad afecta sólo a este último sector.
En Cataluña, el Tribunal Superior de Justicia ha autorizado este jueves la prórroga que le pidió el Govern para mantener durante 14 días, hasta las puertas de la Navidad, la exigencia del pasaporte Covid para acceder a bares, restaurantes, gimnasios y residencias de ancianos, además del ocio nocturno.
El pasaporte Covid entrará en vigor en Cantabria este viernes, 10 de diciembre, una vez obtenido el aval judicial a la implantación de la medida, durante un periodo de 40 días. Se precisará para acceder a espacios de restauración y hostelería, ocio nocturno, locales de juego y apuestas y eventos multitudinarios. Y también, para eventos culturales (cine, teatro, auditorios, circo de carpa y espacios similares), así como para asistir de público a acontecimientos deportivos, en caso de que se permita el consumo de bebida o comida.
En Canarias este viernes entrar en vigor la implantación del certificado COVID en Canarias, bajo la modalidad de uso voluntario, para todos los sectores que estén sometidos a restricciones de aforo u horarios. Se organiza en función de los cuatro niveles del semáforo sanitario. El empresario que voluntariamente se adhiere obtiene horarios y condiciones más laxas; en concreto, las vigentes en el nivel inmediatamente inferior al vigente en su isla.
Y el Gobierno de Andalucía ha acordado este jueves pedir al Tribunal Superior de Justicia de Andalucía (TSJA) que autorice el certificado Covid de vacunación en establecimientos de ocio nocturno y hostelería. Se amplía así el pasaporte que hasta ahora se exigía en la comunidad andaluzapara poder acceder a hospitales y residencias de mayores, una medida y que cuenta ya con aval judicial.
¿CÓMO SE SOLICITA EL PASAPORTE COVID?
Como recuerda el Ministerio de Sanidad, las autoridades sanitarias nacionales son responsables de la expedición del certificado. En España lo emiten, con carácter general, las Comunidades Autónomas.
También se puede solicitar el certificado a través de la Sede Electrónica del Ministerio de Sanidad, siempre y cuando el interesado cumpla las siguientes condiciones sanitarias y técnicas:
Se ha vacunado contra la COVID-19 en España.
Ha pasado la enfermedad y puede documentarlo con una prueba PCR con resultado positivo de hace más de 11 días.
Dispone de certificado digital o Cl@ve permanente de doble factor (claves concertadas combinadas con mensaje enviado a su dispositivo móvil).
En la mayoría de comunidades se puede pedir de manera online a través de los correspondientes portales de salud y aplicaciones móviles oficiales. En algunos casos, el pasaporte puede obtenerse de manera presencial en algunos centros de salud.
¿QUÉ JUSTIFICA EL PASAPORTE COVID?
Ante el aumento de las tasas de contagio, las comunidades han 'resucitado' viejos fantasmas de la quinta ola con las necesidades de control de las nuevas infecciones. La sentencia gallega que avaló por primera vez su empleo recogió que el certificado Covid proporciona un alto nivel de protección para la salud pública, ""pues solo ella puede disminuir considerablemente el riesgo de contagio en dichos establecimientos"".
El fallo gallego, del que fue ponente la magistrada María del Pilar Teso, ofrecía un apoyo sin fisuras a la Xunta porque ""no se atisba ninguna medida que resulte más adecuada para salvaguardar la vida y la salud de los ciudadanos, en ese tipo de locales"".
Además, en el caso balear, los magistrados ponderaron los derechos fundamentales que entran en juego con la petición de esos documentos. De modo que los pusieron en relación con ""la defensa de lo más primordial, porque no hay derecho más fundamental que el derecho a la vida y a la salud"". Y en consecuencia, y atendiendo a los argumentos jurídicos del Supremo, que subrayó que el acceso a estos espacios es ""voluntario y no esencial"".
Los jueces creen que requerir el certificado covid para estos espacios es una forma idónea de contener los contagios, lo consideran necesario y proporcionado ""teniendo en cuenta que suponen la posibilidad de reapertura de muchas actividades que habían quedado paralizadas o suspendidas"".
Conforme a los criterios de
Saber más
Coronavirus
España
Ibiza
Extremadura
Castilla-La Mancha
Galicia
Cantabria
Baleares
Aragón
Navarra
Comunidad Valenciana
Cataluña
Madrid
País Vasco
Covid 19
Andalucía
La Rioja
Castilla y León
CómoCómo conseguir el pasaporte Covid en Cataluña, Valencia, Madrid y otras comunidades
Covid-19Nuevo semáforo: ""El mensaje general debe ser que no hemos superado el virus y no volvemos a la normalidad""
PolíticaLas comunidades presionan a Pedro Sánchez para que la próxima Conferencia de Presidentes aborde el 'fondo Covid' que rechaza el Gobierno
Ver enlaces de interés
Ultimas noticias
Venezia - Juventus",2021-12-11 ,ElMundo,Salud,ElMundo/Salud/salud.2021-12-11.000.txt
5,"SALUD Julio García Comesaña, consejero de Sanidad de Galicia
""El Ministerio no ha querido nunca salirse del uso del pasaporte Covid para vuelos internacionales. Nos hemos sentido solos""
Su región es la que mayor porcentaje de población mayor de 12 años vacunada tiene de toda España y una de las que mejor ha lidiado con la incidencia de casos durante toda la pandemia. Pero también ha sido pionera en la legislación necesaria para aplicar medidas como el pasaporte Covid o los test en farmacias.",Su región es la que mayor porcentaje de población mayor de 12 años vacunada tiene de toda España y una de las que mejor ha lidiado con la incidencia de casos durante toda la pandemia. Pero también ha sido pionera en la legislación necesaria para aplicar medidas como el pasaporte Covid o los test en farmacias.,"PREMIUM
LAURA G. IBAÑES
Madrid
CARMEN TORRENTE
Madrid
Actualizado Sábado, 11 diciembre 2021 - 18:48
Compartir en Facebook
Compartir en Twitter
Enviar por email
En cada CCAA Cómo descargar el Pasaporte Covid
Síntomas de ómicron Dolor muscular, fatiga y cefalea, pero sin pérdida del gusto ni el olfato
Tiene mucho de lo que presumir. Lidera la autonomía con mayor porcentaje de población vacunada y durante semanas ha sido la región con menor incidencia de Covid. Durante toda la pandemia, de hecho, las cifras gallegas se han mantenido entre las mejor
Hazte Premium desde 1€ el primer mes
Aprovecha esta oferta por tiempo limitado y accede a todo el contenido web
Lo quiero
Si lo prefieres
¿Ya eres Premium? Iniciar sesión
Cancela cuando quieras",2021-12-11 ,ElMundo,Salud,ElMundo/Salud/salud.2021-12-11.001.txt
6,"ACCIONES ANTE LA CRISIS CLIMÁTICA (Y VII)
Javier Peña: el Félix Rodríguez de la Fuente de los 'millennial'","Desde Alpedrete, armado con un móvil y con ""recursos cero"", Javier Peña se ha convertido posiblemente en el mayor 'influencer' del clima del mundo con sus vídeos virales de Hope, que han superado el listón de 500 millones de reproducciones en las redes sociales","Antonio Abellán El agitador de la huerta murciana
Crisis climática ¿Un mundo 1,5 o 2,7 grados más cálido? Así será la Tierra en 2100
Esta es la historia de un joven que fue padre y se asomó al futuro con los ojos de su hijo, y con la ventaja de las nuevas tecnologías que hasta entonces le habían permitido ganarse la vida como tantos: haciendo vídeos y webs para otros, moviendo historias en redes sin más. De niño se hizo socio de Greenpeace, eso sí, y siempre le tiraron los pájaros, y flipaba con los DVDs de Félix Rodríguez de la Fuente. Pero nunca pensó dedicarse profesionalmente a eso, hasta que nació su primer hijo en 2018 y sintió al mismo tiempo el impacto del informe del IPCC: nos quedan 12 años para evitar una catástrofe climática.

El joven ha cumplido ya los 35, tiene un segundo hijo y ha cambiado radicalmente su vida en tres años. Desde Alpedrete, armado con un móvil y con ""recursos cero"", Javier Peña se ha convertido posiblemente en el mayor ""influencer"" del clima del mundo con sus vídeos virales de Hope. En pie por planeta, que han superado el listón de 500 millones de reproducciones en las redes sociales.

De los incendios en Grecia del pasado verano a los efectos del clima extremo en Texas, del impacto de la pesca de arrastre a la importancia de una naturaleza sana, de los dramáticos cambios registrados por Google Earth en la superficie del planeta a las siete soluciones ""absurdamente fáciles"" que servirían para reducir un tercio de las emisiones.

Javier Peña tiene la virtud de conectar con audiencia con su mirada apremiante y sus mensajes directos, apoyado en imágenes que lo dicen todo, trasmitiendo la urgencia del momento y permititiendo al mismo tiempo un rayo de esperanza, como antídoto contra el derrotismo, ""que es la nueva forma del negacionismo"".
""¿Tan difícil es?"", se pregunta Javier ante las cámaras, con esa facilidad para comunicar lo que hasta ahora parecía ""incomunicable"" y que le ha valido el apelativo del ""Félix de los millenials"": ""Me abruma y me emociona que digan eso... Hablar de Félix son palabras mayores. El ha sido un maestro fundamental para mí, que me ayudado a conocer y amar desde niño la naturaleza de mi país. Como divulgador, si consiguiese a lo largo de mi vida tener un 10% el impacto que tuvo Félix sobre millones de personas, ya me podría morir más que tranquilo"".

El año que tenemos a la vuelta de la esquina podría marcar el salto a la estratosfera de Javier Peña con Hope! Estamos a tiempo, la docuserie en 10 capítulos con la aspira a seguir también los pasos del ""increíble David Attenborough"", de Jacques Cousteau o de su admirado Carl Sagan, que dará precisamente el nombre a un ""simulador"" con el que los espectadores podrán asomarse a los escenarios del futuro.

""Aunque pareza increíble, nunca se había hecho una serie sobre cómo resolver la crisis climática hasta ahora"", explica propio Javier en el trailer de presentación de la serie. Producida por El Gatoverde Producciones, será financiada por crowfunding y se acerca ya al listón de los 100.000 euros, con la meta de llegar a los 125.000 en la primera fase que culmina el 16 de diciembre.

""Estamos a tiempo y sería sencillamente imperdonable no hacerlo"", advierte el creador de ""Hope!"". ""Tenemos todo lo necesario para evitar una catástrofe y construir un mundo mejor. Eso es lo que vamos a intentar demostrar con la docusere: cómo debería cambiar el modo en que nos movemos, cómo comemos, cómo cultivamos nuestros almimentos, generamos nuestras energía o climatizamos nuestras casas"".
100 SOLUCIONES CONTRA EL CAMBIO CLIMÁTICO

El punto de partida es el Proyecto Drawdown, una iniciativa lanzada por científicos de prestigio internacional con un inventario de 100 soluciones. ""Tenemos también a algunos de nuestros mejores científicos a bordo, desde Fernando Valladares a Emma Huerta del CSIC"", apunta Javier Peña. ""Vamos a usar lacalizaciones espectaculares, una poderosa narrativa y técnicas cinematográficas innovadoras como la realidad aumentada"".

El simulador virtual Sagan será algo así como el ""corazón mecánico"" de la docuserie. La máquina tiene unas tuberías que irán llenando de líquido un estanque que representa las ""emisiones"". Por debajo están los ""sumideros"": o sea, las medidas adecuadas que harían diminuir la concentraciones de CO2 hasta un nivel seguro.

""Cuando yo nací, en 1986, se acababa de superar el nivel que los científicos consideraban ""seguro"" para mantener un clima estable, 350 partículas por millón (ppm) de CO2"", recuerda Javier Peña. ""El contador marca ya los 415 ppm, estamos en una situación de emergencia, los científicos nos dicen que estamos en ""alterta roja"" y seguimos aplazando las decisiones, como ha ocurrido en el Cop26, donde el mensaje al final ha sido: ""Vamos viendo..."". Pero no podemos esperar, si queremos un aumento de temperaturas no superior a 1,5 grados tendríamos que estar reduciendo las emisiones un 7,6% cada año durante la próxima década. Estamos aún muy lejos"".

En la docuserie, que se rodará previsiblemente a mediados del 2022 y podrá verse a finales de año, podremos viajar a un mundo con 2, 3 o 4 grados de calentamiento ""para comprender de una forma completamente visual el problema de las emisiones y comprobar cómo mejoraría la situación si ponemos en marcha las soluciones"".

""Necesitamos visionar un horizonte realista y exitoso para convertirlo en realidad"", advierte Javier Peña. ""Si no dejamos de ver la crisis climática como un problema informe, invencible e inevitable, vamos a ser incapaces de empujar los cambios que necesitamos a tiempo. La movilización surge a partir de la esperanza..."".

Los microvídeos de Hope (algunos de ellos, con más de 10 millones de reproducciones) han servido para rebatir el tópico de que la gente no hace click ante el cambio climático. ""Esa creencia ha quedado refutada por nuestro experimento estos tres años. La gente esta alarmada y tiene verdadera sed de comprensión e información sobre el tema. Yo he intentado destilar el lenguaje para, sin perder rigor, hacerlo comprensible para cualquier persona"".

¿Cuál es la clave para convertir un vídeo del clima en un fenómeno viral? Javier Peña recalca la importancia de los primeros diez segundos, con la fuerza de las imágenes o con un entradilla muy directa: ""Lo imbatible es un mensaje claro, conciso y potente, acompañado de una narrativa envolvente que haga que el espectador disfrute aprendiendo"".

Y también: ""Hay que encontrar el equilibrio entre lo increíblemente peligrosa que es la situación y el hecho de que la pelota está aún en nuestro tejado y que hay una ruta de salida, que podemos canalizar la urgencia hacia la acción. Yo no me canso de repetir que esta generación pasará a la historia como la que permitió que llegáramos al punto de no retorno, lo cual sería un grave irresponsabilidad, o la que consiguió darle la vuelta a la situación en el momento más crítico para la humanidad"".

Con todos esos ingredientes, el insólito resultado ha sido hasta ahora ""una audiencia transversal"" (como la que tenía Félix), capaz de derribar las barreras culturales e ideológicas que hasta ahora existían sobre el tema, y con la ambición de convocar próximamente a la familia ante la hoguera caldeada del televisor: ""El gran público está preparado para hablar de esto en profundidad. Ha llegado el momento de llevar el clima al prime time"".
Conforme a los criterios de
Saber más
Medio Ambiente
Ciencia y Salud
ciencia
Medio AmbienteChina frena la fiebre por los rascacielos y los ""edificios grandiosos de estilo occidental""
Medio AmbienteLa FBBVA crea un premio para pensadores que contribuyan a replantearnos nuestra relación con la naturaleza
Medio AmbienteLa Comisión Europea lleva a España a juicio por infringir la Directiva de nitratos agrícolas
Ver enlaces de interés
Ultimas noticias
Venezia - Juventus",2021-12-10 ,ElMundo,Salud,ElMundo/Salud/salud.2021-12-10.000.txt
7,"SALUD
La Agencia Europea del Medicamento dice que es pronto para saber si la variante ómicron exigirá cambiar la composición de la vacuna","El organismo europeo también señala que, aunque los datos preliminares muestran que ómicron puede ser más transmisible que delta, se necesita más información para saber cómo afecta a la gravedad de la enfermedad.","Directo Últimas noticias del coronavirus
Vacunas Pfizer asegura que tres dosis de su vacuna son eficaces frente a la variante ómicron
A pesar de la gran preocupación de la Agencia Europea de Medicamentos (EMA, por sus siglas en inglés) por el aumento de casos de coronavirus en el continente y por la irrupción de la variante ómicron en muchos países, el mensaje que lanza busca no ser alarmista: es necesario frenar el avance de la nueva variante pero aún es pronto para saber cómo afecta a la efectividad de la vacuna y si será necesario modificar su composición. Así lo ha puesto de manifiesto Marco Cavaleri, jefe de la Estrategia de Vacunas de la EMA, durante una comparecencia celebrada este jueves en la que se han analizado las principales novedades en torno a la pandemia.
En este sentido, Cavaleri ha expuesto que los laboratorios ya están trabajando para analizar y medir cómo afecta la variante ómicron a las vacunas actualmente disponibles con el fin de, en pocos meses, poder adaptar cualquier variación que fuese necesaria; así como de poder desarrollar una vacuna potencial contra esta variante. Además, ha señalado que si bien los datos preliminares muestran que la variante ómicron puede ser ""más transmisible"" que la delta, es preciso tener más información para conocer cómo afecta a la gravedad de la enfermedad.
Junto a esto, el responsable de la EMA ha incidido en que la vacunación es la ""clave"" frente al coronavirus y ha insistido en la necesidad de potenciar las dosis de refuerzo. Sobre esto, ha expresado que podría ser coherente que los estados adelanten el intervalo de tiempo entre la segunda dosis y la de refuerzo a tres meses (en lugar de seis, como está recomendado actualmente), ya que sería ""seguro y eficaz"", según los datos de los que se dispone actualmente.
A pesar del peligro que supone la nueva variante, la EMA entiende que la delta, como variante dominante, debe centrar actualmente las acciones de salud pública encaminadas a combatir la pandemia. De hecho, Stella Kyriakides, comisaria europeade Salud y Seguridad Alimentaria, en un encuentro reciente en la sede del Parlamento Europeo en Estrasburgo (Francia), ya expresó que los contagios derivados de la variante delta habían sido uno de los responsables del notable aumento de casos en el continente en las últimas semanas.
VACUNACIÓN EN NIÑOS
En cuanto a la vacunación en menores de entre 5 y 11 años, Cavaleri ha indicado que hasta la fecha no se han detectado problemas ligados a la seguridad. En el caso de España, tal y como se concretó el pasado martes, la vacunación a este grupo de edad comenzará el próximo 15 de diciembre.
También se ha referido el jefe de la Estrategia de Vacunas de la EMA durante su intervención a la vacuna de Novavax frente al Covid-19, actualmente en evaluación por parte de la agencia europea. En concreto, Cavaleri prevé ""para finales de este año"" se concluya dicha evaluación y se adopte una decisión en torno a esta vacuna.
Conforme a los criterios de
Saber más
Ciencia y Salud
Coronavirus
Covid 19
Enfermedades infecciosas
Enfermedades respiratorias
Variante Ómicron
Vacunas
Unión Europea
SaludReino Unido anuncia que ofrecerá la tercera dosis a todos los adultos antes de que termine enero
SaludLa Comisión Europea quiere que el pasaporte de vacunación expire a los 9 meses si no hay dosis de refuerzo
Covid-19Ómicron, ""un virus más escurridizo resulta más difícil de contener""
Ver enlaces de interés
Ultimas noticias
Venezia - Juventus",2021-12-09 ,ElMundo,Salud,ElMundo/Salud/salud.2021-12-09.000.txt
8,"ENFERMERA SATURADA Consultorio
Todo lo que debe saber sobre la anemia",Los glóbulos rojos son necesarios para transportar el oxígeno que respiramos a todos los tejidos y órganos de nuestro cuerpo,"Pandemia Síntomas de Ómicron: dolor muscular, fatiga y cefalea, pero sin pérdida del gusto ni el olfato
Día Mundial ¿Tengo VIH?
Inmunización La campaña de vacunación contra la gripe y las terceras dosis
Dudas Todo lo que debe saber sobre los anticoagulantes
«El médico me ha dicho que tengo anemia». Seguro que es una frase que ha escuchado más de una vez a lo largo de su vida, pero es posible que no siempre haya entendido por qué sucede esto, en qué consiste o cómo se puede tratar.
Si quiere saberlo todo sobre este problema de salud tan frecuente, le animo a seguir leyendo. Su número de glóbulos rojos no aumentará por ello, pero sí sus conocimientos sanitarios.
¿QUÉ ES LA ANEMIA?
Es un problema de salud que aparece cuando en nuestra sangre no tenemos un número suficiente de glóbulos rojos (hematíes) o su función es deficiente.
Estos glóbulos son necesarios para transportar el oxígeno que respiramos a todos los tejidos y órganos de nuestro cuerpo. Realizan por tanto una función imprescindible para la vida, y cuando tenemos anemia tenemos pocos o no funcionan bien.
¿ES MUY HABITUAL TENER ANEMIA?
Desde luego que sí, de hecho es la enfermedad de la sangre más frecuente: según la Organización Mundial de la Salud un 15% de la población mundial la padece.
MÁS FRECUENTE EN MUJERES
En España se calcula que una de cada cinco mujeres en edad fértil la padece, y el 40% de las gestantes tiene anemia debido a la falta de hierro.
¿QUÉ SÍNTOMAS PRODUCE?
El síntoma más característico es la fatiga. Además de este, y según el gravedad del caso, podemos encontrarnos también con debilidad, aumento de la frecuencia cardíaca, dificultad respiratoria, mareos, dolor en el pecho, dolor de cabeza, entumecimiento de manos y pies, irritabilidad o palidez de piel y mucosas.
¿CÓMO PUEDO SABER SI TENGO ANEMIA?
Con un análisis de sangre llamado hemograma que le realizarán en su centro de salud. Ya sea de forma rutinaria o porque presenta algunos de los síntomas descritos, bastará una pequeña muestra de sangre para poder saberlo en pocos días y ponerle remedio si es necesario.
Gracias a este hemograma, en el laboratorio contarán el número de glóbulos rojos, de glóbulos blancos y de plaquetas que hay en su sangre para comprobar si están en los niveles adecuados.
¿QUÉ CONSECUENCIAS TIENE?
Debemos tener en cuenta que, en ocasiones, la anemia no es un problema de salud por sí mismo, si no que puede ser el signo que nos alerta de una enfermedad más grave que todavía no ha dado la cara. Esto puede suceder, por ejemplo, en algunos tumores digestivos o renales que provocan una pequeña pérdida de sangre inapreciable a simple vista pero continuada.
¿CÓMO ES ESO DE ""ANEMIA LEVE"" Y ""ANEMIA GRAVE""?
Si se trata de una u otra es algo que dependerá del valor del resultado obtenido en laboratorio con su muestra de sangre. Normalmente se considera anemia una cifra de hemoglobina inferior a 12 en mujeres e inferior a 13,5 en hombres.
La anemia leve es más difícil de detectar porque apenas provoca síntomas o éstos pasan desapercibidos.
¿HAY VARIOS TIPOS DE ANEMIA?
Así es, y cada una tiene su propia causa que la origina. Podemos hablar de anemia por falta de hierro (anemia ferropénica) o de determinadas vitaminas, por una hemorragia, una enfermedad crónica, por un problema genético o incluso como efecto secundario a un determinado medicamento. Según la causa que la origine el tratamiento será diferente.
¿QUÉ ES LA ANEMIA FERROPÉNICA?
Este tipo de anemia es la más frecuente, y se debe a una deficiencia de hierro. Este mineral es esencial para la producción de hemoglobina, y a su vez la hemoglobina es una proteína imprescindible para que los glóbulos rojos puedan transportar oxígeno: sin hierro suficiente no llega el oxígeno suficiente a las células de nuestro cuerpo.
Suele deberse a una falta de hierro en la alimentación, a una absorción inadecuada del mismo o a la pérdida de sangre.
¿CÓMO SE TRATA LA ANEMIA?
Su tratamiento es muy variable. En los casos más leves pasará por la administración de suplementos orales de hierro o vitaminas y la mejora de los hábitos alimentarios. En los más graves puede necesitar que se realicen transfusiones de sangre.
Si la anemia se debe a una pérdida de sangre, entonces será imprescindible también localizar el punto de sangrado.
¿SE PUEDE PREVENIR?
Unos tipos de anemia sí y otros no, pero una alimentación sana, variada y equilibrada ayudará mucho a tener unos niveles óptimos de glóbulos rojos en sangre. No es necesario tomar suplementos de hierro de forma preventiva, es preferible aumentar la ingesta de alimentos ricos en este mineral como carnes, pescados, algunos frutos secos, algunos mariscos o verduras de hoja verde oscuro.
¿PUEDO MEJORAR LA ABSORCIÓN DEL HIERRO?
Claro. Ésta se verá incrementada con la ingesta de vitamina C, mientras que se verá reducida con la leche, el calcio, el chocolate, el café o el té.
Conforme a los criterios de
Saber más
Ciencia y Salud
España
biociencia
SaludLos médicos de urgencias, clave para detectar los casos silenciosos de VIH
Covid-19Sanidad aprueba el nuevo semáforo Covid sin medidas restrictivas y la tercera dosis para el grupo de entre 60 y 69 años y personal sanitario
SaludEl español capaz de predecir el tumor de hígado hasta 20 años antes
Ver enlaces de interés
Ultimas noticias
Venezia - Juventus",2021-12-12 ,ElMundo,Salud,ElMundo/Salud/salud.2021-12-12.000.txt
9,"ASTRONOMÍA Crónicas del Cosmos
La pareja más cercana de agujeros negros supermasivos",Hallan una pareja de agujeros negros supermasivos a solo 89 millones de años luz de la Tierra,"Astronomía Una superburbuja en la Gran Nube de Magallanes
Crónicas del Cosmos Cuarenta y dos asteroides vistos como nunca antes
Se ha descubierto una pareja de agujeros negros supermasivos que se encuentra a tan solo 89 millones de años luz de distancia a la Tierra. Los datos indican que la pareja se fusionará en un único agujero negro en un plazo de unos 250 millones de años.
COLISIÓN ENTRE GALAXIAS
Emplazada en la constelación de Acuario, a tan solo 89 millones de años luz de distancia, la galaxia NGC7727 tiene un aspecto distorsionado y extraño. Sus varios filamentos y penachos irregulares hicieron que fuese incluida en el Atlas de Arp de galaxias peculiares, donde fue catalogada con el número 222. Es decir, la misma galaxia NGC7727 también se conoce con el nombre Arp222.
La galaxia peculiar NGC772: imagen de gran campo.ESO/VST ATLAS team
Su compleja morfología indica que NGC7727 es el producto de la colisión de dos galaxias espirales menores. En efecto, durante una colisión galáctica de este estilo, se crean enormes estructuras con formas de filamentos o plumas (llamadas 'colas de marea') que están constituidas por los miles de millones de estrellas que se encontraban en los discos de las galaxias iniciales.
El proceso de colisión entre grandes galaxias espirales puede tardar miles de millones de años, pero el resultado final puede predecirse mediante simulaciones realizadas con superordenadores. En el caso de NGC7727, es muy posible que cuando se complete la fusión de las dos galaxias iniciales, el sistema quede convertido en una gran galaxia elíptica (sin brazos) que tenga poco material disponible para formar nuevas estrellas.
DOS AGUJEROS NEGROS
Cada galaxia espiral posee un agujero negro supermasivo en su centro. Como NGC7727 parece ser la colisión de dos galaxias, en su región central se buscaron dos agujeros negros separados, cada uno correspondiente a cada una de las dos galaxias que colisionaron. Uno de ellos es muy masivo y era conocido desde hace mucho tiempo, pero el segundo, que es mucho menor, solo ha podido detectarse recientemente. Fue hace tres años, cuando un equipo coordinado por Francois Schweizer (Observatorios Canergie), utilizando el telescopio espacial Hubble, identificó el segundo núcleo galáctico, confirmando así que las dos galaxias iniciales fueron muy diferentes, una debía haber sido mucho mayor que su compañera.
Los dos núcleos de NGC7727.ESO/Voggel et al.
Ahora, un equipo internacional dirigido por la astrónoma Karina Voggel (Observatorio de Estrasburgo) ha obtenido unas imágenes soberbias de los dos núcleos de NGC7727 y, estudiando las velocidades de las estrellas de su entorno, ha podido medir las masas de los sendos agujeros negros que contienen ambos núcleos. El mayor de ellos tiene una masa que es unas 154 millones veces la del Sol, mientras que la masa del segundo es de seis masas solares.
Los dos agujeros negros están separados por una distancia de unos 1600 años luz. De todas las parejas conocidas de agujeros negros, esta es la que tiene la separación más pequeña entre los dos miembros. A partir de sus masas y de su disposición, Voggel y colaboradores estiman que el grande acabará absorbiendo al pequeño en unos 250 millones de años. La fusión de pares de agujeros negros es un fenómeno relativamente común en el universo que puede observarse mediante la detección de las ondas gravitacionales que son emitidas en el momento de la colisión. Ya informamos en estas Crónicas del Cosmos que este tipo de detecciones se realiza de manera muy sistemática, desde hace pocos años, gracias a observatorios especializados como LIGO y VIRGO.
Junto a NGC7727, se conocen ya muchas galaxias con núcleos dobles, lo que confirma que las colisiones entre galaxias fueron relativamente frecuentes en una determinada época durante la evolución del universo. Sin embargo, NGC7727 es un caso especialmente interesante, pues al ser el más cercano a la Tierra de los conocidos, es posible observar toda la fenomenología de la colisión con el mayor detalle posible.
HAZAÑA OBSERVACIONAL
Las medidas realizadas por Voggel y colaboradores son una auténtica hazaña observacional que ha sido posible gracias a un complejo instrumento llamado MUSE (Multi Unit Spectroscopic Explorer) que está instalado en uno de los grandes telescopios VLT que la ESO tiene en el desierto de Atacama, Chile.
Con sus espejos de ocho metros de diámetro, estos potentes telescopios están equipados con las tecnologías más punteras, por lo que han permitido medir las velocidades de las estrellas en la inmediata vecindad de cada agujero negro con un detalle pasmoso. Con técnicas de óptica adaptativa, que mitigan los efectos de la turbulencia atmosférica, MUSE obtiene un espectro para cada píxel de tan solo 0,025 segundos de arco de su campo de visión. Este alto poder de resolución, junto con la alta sensibilidad proporcionada por el gran tamaño del espejo, hace de la combinación VLT/MUSE un instrumento sumamente capaz.
Con 39 metros de diámetro, el futuro gran telescopio ELT, ahora en construcción en Cerro Armazones (también en Atacama, Chile), superará con creces al VLT en el año 2027. El ELT irá equipado con el espectrógrafo HARMONI de altísimas prestaciones. En el diseño y construcción tanto del ELT como de HARMONI, participan varias instituciones y empresas españolas.
El artículo de Voggel y colaboradores, titulado First direct dynamical detection of a dual super-massive black hole system at sub-kpc separation ha sido publicado en un número reciente de la revista Astronomy & Astrophysics. El manuscrito puede consultarse en este enlace.
Rafael Bachiller es director del Observatorio Astronómico Nacional (Instituto Geográfico Nacional) y académico de la Real Academia de Doctores de España.
Conforme a los criterios de
Saber más
ciencia
Ciencia y Salud
CienciaDART: así es la primera misión que intentará desviar a un asteroide de su órbita
CienciaDespega la primera nave espacial de la NASA que intentará desviar un asteroide
Medio AmbienteEconomía circular para superar la crisis
Ver enlaces de interés
Ultimas noticias
Venezia - Juventus",2021-12-11 ,ElMundo,Salud,ElMundo/Salud/salud.2021-12-11.000.txt
10,"SALUD
En qué tipo de leucemias se usa el trasplante de médula ósea y por qué puede fallar este tratamiento, como en el caso del fallecido Florin Opritescu","El actor de origen rumano había contado que tenía leucemia y había recibido un trasplante de médula ósea de su hijo, pero no ha trascendido qué tipo de leucemia sufría. Para despejar posibles dudas, explicamos en qué casos se utiliza esta opción terapéutica y los motivos por los que a veces fracasa","Día Mundial La pequeña Sofía, salvada por una investigación sobre su tipo raro de leucemia
En la últimas semanas varios medios se han hecho eco de la muerte el pasado 26 de noviembre del actor de origen rumano Florin Opritescu. El actor, de 42 años, se había hecho famoso en nuestro país por series como Mar de plástico, Caronte, Servir y P
Hazte Premium desde 1€ el primer mes
Aprovecha esta oferta por tiempo limitado y accede a todo el contenido web
Lo quiero
Si lo prefieres
¿Ya eres Premium? Iniciar sesión
Cancela cuando quieras",2021-12-12 ,ElMundo,Salud,ElMundo/Salud/salud.2021-12-12.000.txt
11,"CUMBRE VIEJA
Volcán La Palma, última hora en directo | Cesa la emisión de ceniza en el volcán de La Palma, después de intensificarse el tremor",El volcán de La Palma rebasa este domingo a la erupción del volcán de Tehuya de 1585 y se convierte en la más larga en la isla desde que existen registros,"Cumbre Vieja ¿Sin volcán en 2022? ""Todos los indicios señalan que se termina""
Las cifras del volcán de La Palma El volcán de La Palma ha ganado al mar tanto terreno como el del Estado Vaticano
El volcán de La Palma alcanza hoy 85 días de duración de la erupción , la más larga en la isla desde que existen registros, la de Tehuya de 1585 porque un fenómeno como este no se detiene de golpe, sino en un proceso de semanas. La erupción continúa mientras siga existiendo temblor, que indica el movimiento de fluidos, y emisión de dióxido de azufre (SO2), que apunta a que hay magma cercano a la superficie. Es necesario que estos dos parámetros estén a cero o muy próximos a este valor para dar por concluida la erupción.
Actualizar narración
15.34
Seguimiento del volcán de La Palma: cesa la emisión de ceniza, después de intensificarse el tremor
La ceniza que volvió a emitir este domingo el volcán de La Palma ha cesado después de que se registraran durante este mediodía pulsos de fuerte intensificación en el tremor y expulsara bombas volcánicas en la vertiente este.
La portavoz científica del Plan de Emergencias por Riesgo Volcánico de Canarias (Pevolca), María José Blanco, ha informado de que también ha parado el rugido del volcán, que después de 36 horas con una actividad ""bastante tranquila"" y sin mucha emisión de lava experimentó hoy sobre las 13.00 horas ""un pulso muy claro"" en la señal del tremor volcánico, que estuvo acompañado de emisión de cenizas, de un sonido continuo y de eyección de bombas volcánicas.
Compartir en Twitter
14.14
El volcán de La Palma registra una ""repentina"" reactivación con fuertes explosiones
El volcán de La Palma, que hoy cumple 85 días desde que entró en erupción, ha registrado una ""repentina y sobrecogedora"" reactivación desde hace unos minutos, con fuertes explosiones que se oyen a gran distancia y una enorme columna de cenizas elevándose a grandes altitudes, según ha informado la Agencia Estatal de Meteorología (Aemet) en Canarias.
Itahiza Domínguez, sismólogo del Instituto Geográfico Nacional (IGN), también se ha hecho eco de esta reactivación del volcán en su cuenta oficial de Twitter, en la que destaca que ahora mismo se está produciendo una importante emisión de ceniza en la erupción y se vuelve a escuchar el rugido del volcán.
En el día de ayer, tras participar en una visita controlada para medios de comunicación a las faldas del volcán, científicos de distintos organismos como el propio IGN o el Instituto Geológico y Minero de España (IGME) ya advirtieron que hay que ser cautelosos respecto a la erupción, en tanto en cuanto se trata de un fenómeno natural que puede revertir la tendencia descendente de energía de los últimos días.
También la directora del IGN en Canarias y portavoz del Comité Científico del Pevolca, María José Blanco, dijo ayer en rueda de prensa que mientras siga habiendo tremor, que indica el movimiento de fluidos, y emisión de dióxido de azufre (SO2), que refleja que hay magma cercano a la superficie, no se podrá decir que la erupción ha terminado.
Compartir en Twitter
13.10
Seguimiento del volcán de La Palma: acceso sur, sólo por vía marítima
Compartir en Twitter
13.08
Seguimiento del volcán de La Palma: cambios en el cono secundario
Compartir en Twitter
12.50
Seguimiento del volcán de La Palma: recomiendan mascarillas FFP2 para la limpieza de cenizas
Protección Civil recomienda humedecer la ceniza para su barrido y evitar el uso de sopladores, proteger los ojos y la piel, llevar mascarilla FFP2 y usar guantes para la limpieza de azoteas en las que se acumulen espesores [de cenizas] de varios centímetros. El uso de los sopladores aumenta la re-suspensión de las partículas más perjudiciales para la salud.
Ante la llegada de cenizas a otras islas, se recomienda en las afectadas, el uso de mascarillas quirúrgicas.
Vivienda de Las Manchas, en La Palma, completamente cubierta por la ceniza.EFE
Compartir en Twitter
12.43
Seguimiento del volcán de La Palma: por suerte la erupción es la más larga de la isla y no de España
Hasta ahora la erupción más prolongada en La Palma había sido la del volcán Tehuya, que entró en erupción el 19 de mayo de 1585 después de una intensa actividad sísmica que se prolongó durante 84 días y finalizó el 10 de agosto de ese año.
La erupción del volcán Timanfaya, la de mayor duración en España que recogen los registros, se mantuvo durante 2.055 días, desde el 1 de septiembre de 1730 hasta el 16 de abril de 1736. En ese tiempo la actividad volcánica levantó montañas y sepultó once municipios.
La actividad del volcán de Cumbre Vieja cumple hoy 85 días de actividad con lo que se convierte en la más larga de las que se tienen noticias en La Palma.
Compartir en Twitter
12.40
Seguimiento del volcán de La Palma: el cono mide 1.124 metros sobre el nivel del mar
El cono principal del volcán en erupción de Cumbre Vieja, en la isla de La Palma, mide 1.124 metros sobre el nivel del mar, según informa Efe este domingo del Instituto Geográfico Nacional (IGN).
La columna eruptiva alcanza 1.400 metros sobre el nivel del mar y tiene una dirección oeste-suroeste, en base a las mediciones que ha realizado esta mañana el IGN.
Compartir en Twitter
12.05
Seguimiento del volcán de La Palma: 24 terremotos
Compartir en Twitter
Ver narración completa
Conforme a los criterios de
Saber más
Ciencia y Salud
ciencia
Volcán La Palma
La Palma
Canarias
Ver enlaces de interés
Ultimas noticias
Venezia - Juventus",2021-12-12 ,ElMundo,Salud,ElMundo/Salud/salud.2021-12-12.001.txt
12,"SALUD
Atención primaria sale a las calles para pedir socorro ante una ""presión insostenible""","Un centenar de asociaciones sanitarias, sindicales y civiles se han unido en una manifestación este domingo para reivindicar una mejora de la atención primaria que reserve el 25% del presupuesto sanitario para el primer nivel asistencial y lo refuerce tras años de recortes y el azote de la pandemia.","Presupuestos Sanidad sólo le da a atención primaria el 4,4% de lo que necesita para funcionar en la era post-Covid
Saturación La Atención Primaria toca fondo: listas de espera de meses y 60 pacientes día
Profesión Sanidad remodela la atención primaria con un plan ""obsoleto"" y sin partida económica
""La situación de la atención primaria lleva años siendo muy mala, pero con la pandemia ha pasado a ser demencial y se está aprovechando para terminar de destruirla por completo"". Quien habla así es Nati, una administrativa del Centro de Salud de Ciudad de los Periodistas, pero su lamento no es particular, sino el mantra que repiten todos los de su alrededor.
Con la sexta ola campando a sus anchas y habiendo arrastrado ya al nivel alto de riesgo a seis autonomías, los centros de salud empiezan a soportar una presión insostenible que se suma al cansancio y deterioro que el primer nivel asistencial arrastraba ya desde hacía más de una década por falta de personal y déficit crónico de financiación.
En esas circunstancias, el respiro de un domingo de sol en Madrid invitaba a un paseo por el Retiro, pero igual que Nati miles de sanitarios y personal de centros de atención primaria de varias ciudades de España (Valencia, Asturias, Aragón, Murcia y Cádiz. El día 14 está convocada en toda Andalucía) han decidido gastar su día de descanso en salir a las calles enfundados en camisetas reivindicativas y pancartas para exigir a los políticos una solución inmediata para la atención primaria, para reclamar que las promesas sobre mejora del primer nivel asistencial de la sanidad española dejen de ser promesas y pasen a ser hechos, para que se asuma que ""la mejora de la atención primaria es una cuestión de Estado porque su situación actual afecta gravemente a los derechos de la ciudadanía"", como explica Humberto Muñoz, secretario general de la FSS-CCOO, una de las entidades convocantes de la manifestación que ha sumado este domingo a más de un centenar de asociaciones sindicales y sanitarias.
Y es que no importa a quién se pregunte en la marabunta de personas que ha recorrido este domingo el simbólico camino desde el Ministerio de Sanidad hasta el Ministerio de Hacienda al grito de Salvemos la atención primaria: médicos, enfermeras, técnicos de emergencias, personal de administración, psicólogos... El problema de la atención primaria está afectando a todos y está muy lejos de ser una simple reivindicación laboral de sueldos o estabilidad.
""La situación de la atención primaria es crítica y la Administración sólo ofrece promesas. Creemos que el tiempo de las promesas se acabó y se trata ahora de los hechos. El problema no es sólo dinero pero si no hay dinero no puede haber más profesionales, ni mejoras en la infraestructura de los centros"", explica Marciano Sánchez Bayle, presidente de la Federación de Asociaciones en Defensa de la Sanidad Pública, otra de las entidades convocantes.
Sánchez Bayle no confía en ""el plan que ha anunciado el Ministerio de Sanidad para la atención primaria porque no figura realmente en los Presupuestos Generales del Estado para 2022. En los del año 2021 había 1.089 millones de euros teóricamente para la Estrategia de Atención Primaria y que se conozca no se ha gastado ni un euro y estamos a 12 de diciembre, así que existen sospechas razonables de que no se va a hacer nada"" realmente.
Sus palabras hacen referencia al compromiso adquirido hace un mes por autonomías y Ministerio de Sanidad de alcanzar antes de fin de año un acuerdo para un plan que reavive la atención primaria y que, en principio, estaría dotado con al menos mil millones de euros, una cantidad que no termina de llegar y que, en cualquier caso, el sector considera insuficiente para la larga lista de tareas pendientes de arreglar. Y es que, actualmente la atención primaria dispone de sólo el 14% del presupuesto sanitario total pese a resolver el 85% de los problemas sanitarios de los españoles.
Sin presupuesto no hay personal y sin personal ""toda la prevención, cuidados en el hogar, etc. se están viendo relegados"", denuncia Ester Nieto, secretaria de la Federación de Asociaciones de Enfermería de Atención Primaria, que reivindica medios para poder volver a la esencia de la atención primaria, la prevención.
Cabecera de la marcha en Madrid.
A esa falta de medios que está provocando cierre de centros y falta de accesibilidad de los pacientes al sistema se refiere también Daniel, técnico del SUMMA, que ha acudido a la manifestación porque ""el cierre de centros de salud está provocando que para acudir al médico de familia tengas que esperar dos o tres semanas y tengas luego atención sólo telefónica, no presencial, y eso para nosotros como servicio de emergencias es una sobrecarga enorme porque si el paciente no puede ir a atención primaria llama al 112 y al final tiene que ir un hospital y eso provoca un colapso de los hospitales... Hay que salvar la atención primaria para poder salvar a toda la sanidad"", afirma reivindicando una solución a problemas como éste incluso por encima de los de ""precariedad laboral que también tenemos"". Él lo sabe bien, con 17 años de actividad en el SUMMA continúa sin plaza fija, igual que el 90% de técnicos de emergencias que siguen siendo interinos y a los que nunca se les ha convocado una oposición para estabilizar sus puestos.
La falta de personal y de tiempo para atender a los pacientes está también en boca de Teresa García Herreros, presidenta de Médicos del Mundo en la Comunidad de Madrid. Ella trabaja como médica de Familia en un centro de salud y dice estar en la manifestación porque ""necesitamos políticas públicas que se vean acompañadas de presupuesto. Vemos que el deterioro de la atención primaria en toda España está perjudicando a las poblaciones más vulnerables que han visto cómo disminuía muchísimo la accesibilidad y el tiempo de consulta, y eso perjudica mucho a los pacientes más vulnerables porque para atender a una persona con barrera idiomática se requiere más tiempo o para detectar, por ejemplo, casos de violencia de género o para atender a personas mayores y solas con múltiples patologías se requiere más tiempo de consulta y en las condiciones actuales es imposible"".
Y el problema en realidad no ha hecho más que empezar. María no sufre problemas de estabilidad laboral, lleva 30 años de ejercicio y tiene plaza fija como psicóloga clínica, pero ha salido también a las calles porque ""con todas las secuelas emocionales y de salud mental de la pandemiano se ha incrementado el personal de psicología en la atención primaria"".
Ana Francés, secretaria de Salud de UGT, resume la lista de tareas pendientes para la atención primaria: ""Hay que reducir las listas de espera, actualizar la cartera de servicios, mejorar el catálogo de pruebas diagnósticas, visualizar el medio rural, acabar con la temporalidad y precariedad laboral que sufren los trabajadores y aumentar los recursos humanos y materiales. Tenemos falta de médicos y de enfermeras y fisioterapeutas, y los médicos de familia se están yendo a la sanidad privada, a otros países o a otras especialidades médicas porque la primaria no está siendo atractiva para ellos"".
Con los gritos de ""Salvemos la sanidad"" ya tronando de fondo camino del Ministerio de Hacienda, el líder de CCOO, Unai Sordo, concreta en cifras ese variopinto catálogo de reivindicaciones que arrastra ya la atención primaria tras años de azotes, desde la desburocratización de sus tareas a la capacidad de solicitar más pruebas clínicas o disponer de tecnología sanitaria como ecógrafos o siquiera de coches para los desplazamientos entre pueblos y de seguridad para evitar ser agredidos. Lo que hace falta, según Sordo, es alcanzar al menos un 7,2% del PIB dedicado a Sanidad y un 25% de ese presupuesto enfocarlo a la atención primaria. Un largo camino por delante si se tiene en cuenta que actualmente el gasto sanitario no llega al 6% y el peso de la atención primaria roza el 15% del total.
Conforme a los criterios de
Saber más
Ciencia y Salud
Sanidad
Boticaria GarcíaVIH, así se previene la infección con la profilaxis preexposición
SaludEl CSIC cede su test de anticuerpos Covid a los países más necesitados
SaludSanidad financiará la primera terapia génica para Atrofia Muscular Espinal, el tratamiento más caro del mundo
Ver enlaces de interés
Ultimas noticias
Venezia - Juventus",2021-12-12 ,ElMundo,Salud,ElMundo/Salud/salud.2021-12-12.002.txt
13,"COVID
Coronavirus hoy, última hora en directo | Las vacunas reducen un 75% los ingresos y un 90% las muertes en la Comunidad Valenciana",Este lunes comienzan a llegar las vacunas pediátricas contra el coronavirus y el miércoles comenzarán a inyectarse a los niños de entre 5 y 11 años,"Información práctica Cómo obtener el pasaporte Covid
Restricciones Once autonomías pedirán el pasaporte Covid para ir a restaurantes o discotecas pese a la oposición de Sanidad
Seguimiento de la pandemia La incidencia se sitúa en 323 tras subir más de 17 puntos en un día
Las vacunas contra el coronavirus reducen en un 75% del número de hospitalizados e ingresos en UCI y en un 90% el número de fallecimientos, según un estudio elaborado por la Dirección General de Análisis y Políticas Públicas de la Comunidad Valenciana. La principal conclusión es que, pese a la desconfianza de grupos minoritarios, se están demostrando muy efectivas en los casos graves de Covid.
Precisamente la vacunación va a extenderse en la semana entrante a los niños de 5 a 11 años. Este lunes se reciben las primeras dosis de Pfizer, que a partir del miércoles comenzarán a inyectarse a ese grupo.
Incidencia 470 acumulada por CCAA. Informe Covid
Actualizar narración
17.23
La Comunidad de Madrid notifica 1.096 casos Covid, 584 en las últimas 24 horas, y cuatro fallecidos
La Comunidad de Madrid ha notificado 1.096 casos Covid, 584 de ellos en las últimas 24 horas, y cuatro fallecidos en los hospitales, según el informe de la situación epidemiológica de este domingo con datos a cierre del día anterior.
En la jornada del sábado fueron 2.802 casos Covid (1.706 más), 2.451 de ellos de las últimas 24 horas, y cinco fallecidos en los hospitales (uno más), mientras que el domingo de la semana precedente se registraron 457 (639 más), 240 de ellos en el último día, y seis muertos en los hospitales (dos más).
El número de hospitalizados se sitúa en 551 y 146 en la UCI, mientras que 68 pacientes han recibido el alta. El número de personas en seguimiento domiciliario por Atención Primaria es de 2.000.
Compartir en Twitter
17.15
Portugal notifica 13 nuevas muertes y 3.879 positivos de Covid
Portugal ha registrado en las últimas 24 horas 13 muertes y 3.879 nuevos casos de Covid-19, en una jornada en la que se ha hospitalizado a 12 personas e internado en unidades de cuidados intensivos a una.
Según el último boletín de la Dirección General de Salud (DGS) de Portugal, publicado este domingo, hay un total de 964 personas internadas y 143 están bajo cuidados intensivos.
Desde que comenzó la pandemia, Portugal, un país con algo más de 10 millones de habitantes, ha registrado 1.194.288 casos de coronavirus y 18.658 muertes.
La incidencia a 14 días ya está en 457,7 casos por 100.000 habitantes y se acerca al nivel considerado de riesgo ""muy elevado""; mientras que el índice de transmisión Rt, que mide el número de personas que contagia un infectado, se mantuvo en 1,11 en Portugal, según la última actualización, que fue el viernes.
Compartir en Twitter
15:10
Gibraltar notifica tres casos de la variante ómicron entre sus 16 nuevos positivos de coronavirus
El Gobierno de Gibraltar ha notificado este domingo 16 nuevos positivos en Covid-19 detectados entre sus residentes, de los que tres pertenecen a la nueva variante ómicron. De momento, la variante Delta es la dominante en el territorio. En total, de los 231 casos activos (229 residentes y dos visitantes), la mayoría (160 residentes y dos visitantes) pertenecen a la variante Delta, 11 están aún sin confirmar y 55 están aún pendientes de procesar.
Entre los nuevos positivos, 10 son personas vacunadas (con edades comprendidas entre los 20 y 55 años) y 6 son personas no vacunadas (con edades comprendidas entre los 5 y los 65 años). Así las cosas, las hospitalizaciones se mantienen lostres ingresos ya notificados anteriormente en la planta Covid-19 y ninguno en la Unidad de Cuidados Intensivos.
Compartir en Twitter
14:11
Galicia ya cita a los menores de 60 años para recibir la tercera dosis de la vacuna contra el coronavirus
El Servicio Gallego de Salud (Sergas) ya está citando a personas de entre 50 y 59 años para recibir la tercera dosis de la vacuna contra la Covid-19, tal y como ha ratificado Europa Press y han confirmado fuentes de la Consejería de Sanidad. Estos pacientes son llamados a acudir a puntos de vacunación masiva en los próximos días a pesar de que la Comisión de Salud Pública, de la que forman parte las comunidades autónomas y el Ministerio de Sanidad, todavía no ha aprobado la administración de la dosis de refuerzo para este grupo de edad en la población general.
Con todo, fuentes de la Consejería de Sanidad aseguran a Europa Press que sí se puede volver a vacunar a personas de 50 a 59 años porque se prevé recibir el aval de dicha Comisión. Hasta el momento, la previsión oficial de la Xunta es que este lunes, 13 de diciembre, se complete la citación para que todos los gallegos entre 60 y 69 años reciban la tercera dosis.
Compartir en Twitter
13:40
Austria levanta el confinamiento general, pero no a los no vacunados contra el coronavirus
Austria ha levantado este domingo el confinamiento general, pero seguirá vigente para los no vacunados o quienes no hayan pasado la enfermedad. Aunque en los últimos días se redujeron mucho las cifras de contagios, todavía existe una gran presión hospitalaria, especialmente en las UCI.
Las restricciones seguirán vigentes para los no vacunados que, además, se enfrentan a partir de febrero a multas de hasta 3.600 euros si no se inmunizan. A partir de este domingo, las personas que no estén vacunadas solo pueden salir de sus hogares para ir al trabajo -donde deberán presentar una prueba negativa cada dos días-, realizar compras esenciales, pasear o ejercitarse. Se les prohíbe la entrada a cualquier lugar de ocio o tiendas no esenciales.
En Austria, donde menos del 69 % de la población está inmunizada con la pauta completa, se calcula que existen 1,4 millones de personas mayores de 14 años que todavía no se han vacunado.
Compartir en Twitter
13:17
El futbolista del Bayern Joshua Kimmich anuncia que se vacunará contra el coronavirus
El futbolista alemán del Bayern Múnich Joshua Kimmich ha anunciado este domingo que se vacunará contra el coronavirus tras la polémica que causó su negativa inicial, informa la emisora alemana ZDF. ""En general me resultó difícil lidiar con mis miedos y preocupaciones, y por eso estuve indeciso durante tanto tiempo"", reconoció el jugador a la cadena pública de televisión.
Kimmich desató un amplio debate a nivel nacional cuando confirmó en octubre que aún no se había vacunado debido a la preocupación por los efectos a largo plazo. Luego estuvo en cuarentena cerca de un mes por haber tenido contacto estrecho con personas infectadas y posteriormente por contraer la COVID-19. Ahora ha dado negativo en las pruebas, pero no está en plena forma, por lo que no volverá a jugar este año.
Compartir en Twitter
Ver narración completa
Conforme a los criterios de
Saber más
Ciencia y Salud
Coronavirus
Covid 19
Variante Ómicron
Ver enlaces de interés
Ultimas noticias
Venezia - Juventus",2021-12-12 ,ElMundo,Salud,ElMundo/Salud/salud.2021-12-12.003.txt
14,"ENERGÍA
Las gasolineras también se lanzan a la conquista del sol",Repsol y Cepsa aceleran la instalación de paneles fotovoltaicos en sus estaciones de servicio para autoabastecerse de energía limpia y vender los excedentes a la red eléctrica.,"Café de Starbucks, recogida de paquetes e inversiones de 400.000 euros en cargadores: así se adaptan las gasolineras a la revolución verde
Las grandes petroleras españolas se lanzan a la conquista del sol con ambiciosos planes para instalar placas fotovoltaicas en sus redes de gasolineras.
Repsol suma ya un total de 272 estaciones de servicio equipadas con instalaciones de autoconsumo y aspira a superar la cifra de 400 en 2022. Por su parte, Cepsa ha firmado esta semana con Redexis una alianza para instalar paneles fotovoltaicos en todas las estaciones de su red antes de 2023. Actualmente, ya se han instalado estos paneles en 75 estaciones de servicio y ambas compañías tienen previsto terminar 2021 con más de 200 instalaciones fotovoltaicas ejecutadas.
Estas instalaciones permiten autoabastecerse a ambos grupos con energía limpia y verter a la red eléctrica los excedentes que no consuman, lo que eleva su presencia en el mercado eléctrico como nuevos generadores con capacidad para plantar cara a las grandes grupos eléctricos.
Repsol es el operador con mayor presencia en España, con más de 3.500 estaciones de servicio distribuidas por el país -además de otras más de 400 en Portugal-, seguido de Cepsa, que opera más de 1.800 en toda la Península Ibérica.
La estrategia de Repsol y el autoconsumo no se limite únicamente a sus gasolineras. La compañía, que busca transformar su modelo de negocio desde el petróleo a la multienergía, impulsó en 2019 su programa Solify, un producto dirigido a particulares y pymes 'llave en mano' lanzado a que incluye desde la gestión de licencias y trámites de legalización de la instalación, hasta el montaje de los paneles, así como la monitorización remota de la instalación para asegurarse de que siempre esté en perfecto estado.
El grupo que dirige Josu Jon Imaz se ha marcado el objetivo de ser una compañía cero emisiones netas en el año 2050, con 1,2 millones de clientes en el mercado de luz y gas y una capacidad total instalada de 1,7 gigavatios (GW) en activos de generación eléctrica renovable.
Para 2025, la energética fija un objetivo de capacidad instalada de 6 GW, frente a los 5,2 GW que preveía en el plan estratégico que lanzó en noviembre del año pasado.
Por su parte, Cepsa y Redexis prevén utilizar más de 40.000 paneles fotovoltaicos de alta tecnología con una capacidad de producción de más de 32.800 megavatios hora al año, el equivalente al consumo anual de energía de 11.000 viviendas.
Estos paneles servirán para abastecer las estaciones de servicio de Cepsa durante el día, mientras que el excedente se verterá en la red de distribución, optimizando así la eficiencia energética global de las instalaciones y permitiendo que el 100% de la red de estaciones de servicio consuma electricidad de origen renovable.
Conforme a los criterios de
Saber más
España
Portugal
ConsumoEl Corte Inglés apuesta por el área de alimentación y abrirá supermercados fuera de los grandes almacenes
TurismoEl grupo catalán rescatado con 34 millones por el Estado excluye la bandera de España de sus hoteles
ProgramasJuanma Castaño y Miki Nadal: ""Con Masterchef hemos descubierto que se puede ser felices en la tele""
Ver enlaces de interés
Ultimas noticias
Venezia - Juventus",2021-12-12 ,ElMundo,Salud,ElMundo/Salud/salud.2021-12-12.004.txt
15,"CUMBRE VIEJA
Volcán La Palma, última hora en directo | Cesa la emisión de ceniza en el volcán de La Palma, después de intensificarse el tremor",El volcán de La Palma rebasa este domingo a la erupción del volcán de Tehuya de 1585 y se convierte en la más larga en la isla desde que existen registros,"Cumbre Vieja ¿Sin volcán en 2022? ""Todos los indicios señalan que se termina""
Las cifras del volcán de La Palma El volcán de La Palma ha ganado al mar tanto terreno como el del Estado Vaticano
El volcán de La Palma alcanza hoy 85 días de duración de la erupción , la más larga en la isla desde que existen registros, la de Tehuya de 1585 porque un fenómeno como este no se detiene de golpe, sino en un proceso de semanas. La erupción continúa mientras siga existiendo temblor, que indica el movimiento de fluidos, y emisión de dióxido de azufre (SO2), que apunta a que hay magma cercano a la superficie. Es necesario que estos dos parámetros estén a cero o muy próximos a este valor para dar por concluida la erupción.
Actualizar narración
15.34
Seguimiento del volcán de La Palma: cesa la emisión de ceniza, después de intensificarse el tremor
La ceniza que volvió a emitir este domingo el volcán de La Palma ha cesado después de que se registraran durante este mediodía pulsos de fuerte intensificación en el tremor y expulsara bombas volcánicas en la vertiente este.
La portavoz científica del Plan de Emergencias por Riesgo Volcánico de Canarias (Pevolca), María José Blanco, ha informado de que también ha parado el rugido del volcán, que después de 36 horas con una actividad ""bastante tranquila"" y sin mucha emisión de lava experimentó hoy sobre las 13.00 horas ""un pulso muy claro"" en la señal del tremor volcánico, que estuvo acompañado de emisión de cenizas, de un sonido continuo y de eyección de bombas volcánicas.
Compartir en Twitter
14.14
El volcán de La Palma registra una ""repentina"" reactivación con fuertes explosiones
El volcán de La Palma, que hoy cumple 85 días desde que entró en erupción, ha registrado una ""repentina y sobrecogedora"" reactivación desde hace unos minutos, con fuertes explosiones que se oyen a gran distancia y una enorme columna de cenizas elevándose a grandes altitudes, según ha informado la Agencia Estatal de Meteorología (Aemet) en Canarias.
Itahiza Domínguez, sismólogo del Instituto Geográfico Nacional (IGN), también se ha hecho eco de esta reactivación del volcán en su cuenta oficial de Twitter, en la que destaca que ahora mismo se está produciendo una importante emisión de ceniza en la erupción y se vuelve a escuchar el rugido del volcán.
En el día de ayer, tras participar en una visita controlada para medios de comunicación a las faldas del volcán, científicos de distintos organismos como el propio IGN o el Instituto Geológico y Minero de España (IGME) ya advirtieron que hay que ser cautelosos respecto a la erupción, en tanto en cuanto se trata de un fenómeno natural que puede revertir la tendencia descendente de energía de los últimos días.
También la directora del IGN en Canarias y portavoz del Comité Científico del Pevolca, María José Blanco, dijo ayer en rueda de prensa que mientras siga habiendo tremor, que indica el movimiento de fluidos, y emisión de dióxido de azufre (SO2), que refleja que hay magma cercano a la superficie, no se podrá decir que la erupción ha terminado.
Compartir en Twitter
13.10
Seguimiento del volcán de La Palma: acceso sur, sólo por vía marítima
Compartir en Twitter
13.08
Seguimiento del volcán de La Palma: cambios en el cono secundario
Compartir en Twitter
12.50
Seguimiento del volcán de La Palma: recomiendan mascarillas FFP2 para la limpieza de cenizas
Protección Civil recomienda humedecer la ceniza para su barrido y evitar el uso de sopladores, proteger los ojos y la piel, llevar mascarilla FFP2 y usar guantes para la limpieza de azoteas en las que se acumulen espesores [de cenizas] de varios centímetros. El uso de los sopladores aumenta la re-suspensión de las partículas más perjudiciales para la salud.
Ante la llegada de cenizas a otras islas, se recomienda en las afectadas, el uso de mascarillas quirúrgicas.
Vivienda de Las Manchas, en La Palma, completamente cubierta por la ceniza.EFE
Compartir en Twitter
12.43
Seguimiento del volcán de La Palma: por suerte la erupción es la más larga de la isla y no de España
Hasta ahora la erupción más prolongada en La Palma había sido la del volcán Tehuya, que entró en erupción el 19 de mayo de 1585 después de una intensa actividad sísmica que se prolongó durante 84 días y finalizó el 10 de agosto de ese año.
La erupción del volcán Timanfaya, la de mayor duración en España que recogen los registros, se mantuvo durante 2.055 días, desde el 1 de septiembre de 1730 hasta el 16 de abril de 1736. En ese tiempo la actividad volcánica levantó montañas y sepultó once municipios.
La actividad del volcán de Cumbre Vieja cumple hoy 85 días de actividad con lo que se convierte en la más larga de las que se tienen noticias en La Palma.
Compartir en Twitter
12.40
Seguimiento del volcán de La Palma: el cono mide 1.124 metros sobre el nivel del mar
El cono principal del volcán en erupción de Cumbre Vieja, en la isla de La Palma, mide 1.124 metros sobre el nivel del mar, según informa Efe este domingo del Instituto Geográfico Nacional (IGN).
La columna eruptiva alcanza 1.400 metros sobre el nivel del mar y tiene una dirección oeste-suroeste, en base a las mediciones que ha realizado esta mañana el IGN.
Compartir en Twitter
12.05
Seguimiento del volcán de La Palma: 24 terremotos
Compartir en Twitter
Ver narración completa
Conforme a los criterios de
Saber más
Ciencia y Salud
ciencia
Volcán La Palma
La Palma
Canarias
Ver enlaces de interés
Ultimas noticias
Venezia - Juventus",2021-12-12 ,ElMundo,Salud,ElMundo/Salud/salud.2021-12-12.005.txt
